single_color_parameter,double_color_parameter
Parameter.1,Parameter.1
Parameter.2,Parameter.2
Parameter.3,Parameter.5
Parameter.4,Parameter.6
Parameter.5,Parameter.9
Parameter.6,Parameter.10
Parameter.7,Parameter.13
Parameter.8,Parameter.14
Parameter.9,Parameter.17
Parameter.10,Parameter.18
Parameter.11,Parameter.21
Parameter.12,Parameter.22
Parameter.13,Parameter.25
Parameter.14,Parameter.26
Parameter.15,Parameter.29
Parameter.16,Parameter.30
Parameter.17,Parameter.33
Parameter.18,Parameter.35
Parameter.19,Parameter.36
Parameter.20,Parameter.39
Parameter.21,Parameter.40
Parameter.22,Parameter.43
Parameter.23,Parameter.44
Parameter.24,Parameter.47
Parameter.25,Parameter.48
Parameter.26,Parameter.51
Parameter.27,Parameter.52
Parameter.28,Parameter.55
Parameter.29,Parameter.56
Parameter.30,Parameter.59
Parameter.31,Parameter.60
Parameter.32,Parameter.63
Parameter.33,Parameter.64
Parameter.34,Parameter.67
Parameter.35,Parameter.68
Parameter.36,Parameter.71
Parameter.37,Parameter.72
Parameter.38,Parameter.75
Parameter.39,Parameter.76
Parameter.40,Parameter.79
Parameter.41,Parameter.80
Parameter.42,Parameter.83
Parameter.43,Parameter.84
Parameter.44,Parameter.85
Parameter.45,Parameter.86
Parameter.46,Parameter.87
Parameter.47,Parameter.88
Parameter.48,Parameter.95
Parameter.49,Parameter.96
Parameter.50,Parameter.97
Parameter.51,Parameter.98
Parameter.52,Parameter.99
Parameter.53,Parameter.100
Parameter.54,Parameter.101
Parameter.55,Parameter.102
Parameter.56,Parameter.103
Parameter.57,Parameter.104
Parameter.58,Parameter.105
Parameter.59,Parameter.106
Parameter.60,Parameter.107
Parameter.61,Parameter.108
Parameter.62,Parameter.109
Parameter.63,Parameter.110
Parameter.64,Parameter.127
Parameter.65,Parameter.128
Parameter.66,Parameter.131
Parameter.67,Parameter.132
Parameter.68,Parameter.135
Parameter.69,Parameter.136
Parameter.70,Parameter.139
Parameter.71,Parameter.140
Parameter.72,Parameter.143
Parameter.73,Parameter.144
Parameter.74,Parameter.147
Parameter.75,Parameter.148
Parameter.76,Parameter.151
Parameter.77,Parameter.152
Parameter.78,Parameter.155
Parameter.79,Parameter.156
Parameter.80,Parameter.159
Parameter.81,Parameter.161
Parameter.82,Parameter.162
Parameter.83,Parameter.165
Parameter.84,Parameter.166
Parameter.85,Parameter.169
Parameter.86,Parameter.170
Parameter.87,Parameter.173
Parameter.88,Parameter.174
Parameter.89,Parameter.177
Parameter.90,Parameter.178
Parameter.91,Parameter.181
Parameter.92,Parameter.182
Parameter.93,Parameter.185
Parameter.94,Parameter.186
Parameter.95,Parameter.189
Parameter.96,Parameter.190
Parameter.97,Parameter.193
Parameter.98,Parameter.194
Parameter.99,Parameter.197
Parameter.100,Parameter.198
Parameter.101,Parameter.199
Parameter.102,Parameter.200
Parameter.103,Parameter.201
Parameter.104,Parameter.202
Parameter.105,Parameter.209
Parameter.106,Parameter.210
Parameter.107,Parameter.213
Parameter.108,Parameter.214
Parameter.109,Parameter.217
Parameter.110,Parameter.218
Parameter.111,Parameter.221
Parameter.112,Parameter.222
Parameter.113,Parameter.225
Parameter.114,Parameter.226
Parameter.115,Parameter.229
Parameter.116,Parameter.230
Parameter.117,Parameter.233
Parameter.118,Parameter.234
Parameter.119,Parameter.237
Parameter.120,Parameter.238
Parameter.121,Parameter.241
Parameter.122,Parameter.243
Parameter.123,Parameter.244
Parameter.124,Parameter.247
Parameter.125,Parameter.248
Parameter.126,Parameter.251
Parameter.127,Parameter.252
Parameter.128,Parameter.255
Parameter.129,Parameter.256
Parameter.130,Parameter.259
Parameter.131,Parameter.260
Parameter.132,Parameter.263
Parameter.133,Parameter.264
Parameter.134,Parameter.267
Parameter.135,Parameter.268
Parameter.136,Parameter.271
Parameter.137,Parameter.272
Parameter.138,Parameter.275
Parameter.139,Parameter.276
Parameter.140,Parameter.279
Parameter.141,Parameter.280
Parameter.142,Parameter.281
Parameter.143,Parameter.282
Parameter.144,Parameter.283
Parameter.145,Parameter.284
Parameter.146,Parameter.291
Parameter.147,Parameter.292
